-- --------------------------------------------------------
-- Host:                         127.0.0.1
-- Server version:               10.6.5-MariaDB - mariadb.org binary distribution
-- Server OS:                    Win64
-- HeidiSQL Version:             11.3.0.6295
-- --------------------------------------------------------

/*!40101 SET @OLD_CHARACTER_SET_CLIENT=@@CHARACTER_SET_CLIENT */;
/*!40101 SET NAMES utf8 */;
/*!50503 SET NAMES utf8mb4 */;
/*!40014 SET @OLD_FOREIGN_KEY_CHECKS=@@FOREIGN_KEY_CHECKS, FOREIGN_KEY_CHECKS=0 */;
/*!40101 SET @OLD_SQL_MODE=@@SQL_MODE, SQL_MODE='NO_AUTO_VALUE_ON_ZERO' */;
/*!40111 SET @OLD_SQL_NOTES=@@SQL_NOTES, SQL_NOTES=0 */;


-- Dumping database structure for foodniyame
CREATE DATABASE IF NOT EXISTS `foodniyame` /*!40100 DEFAULT CHARACTER SET latin1 */;
USE `foodniyame`;

-- Dumping structure for table foodniyame.comments
CREATE TABLE IF NOT EXISTS `comments` (
  `commDate` date DEFAULT NULL,
  `commNo` varchar(255) NOT NULL,
  `commTime` time DEFAULT NULL,
  `custcomm` varchar(300) DEFAULT NULL,
  `custRate` int(11) DEFAULT NULL,
  `custID` varchar(255) DEFAULT NULL,
  `restID` varchar(255) DEFAULT NULL,
  `ordID` varchar(255) DEFAULT NULL,
  PRIMARY KEY (`commNo`)
) ENGINE=InnoDB DEFAULT CHARSET=latin1;

-- Dumping data for table foodniyame.comments: ~0 rows (approximately)
/*!40000 ALTER TABLE `comments` DISABLE KEYS */;
/*!40000 ALTER TABLE `comments` ENABLE KEYS */;

-- Dumping structure for table foodniyame.customerinfo
CREATE TABLE IF NOT EXISTS `customerinfo` (
  `custID` varchar(255) NOT NULL,
  `custFN` varchar(255) DEFAULT NULL,
  `custLN` varchar(255) DEFAULT NULL,
  `custAddress` varchar(500) DEFAULT NULL,
  `custPhone` int(11) DEFAULT NULL,
  `custEmail` varchar(255) DEFAULT NULL,
  PRIMARY KEY (`custID`)
) ENGINE=InnoDB DEFAULT CHARSET=latin1;

-- Dumping data for table foodniyame.customerinfo: ~10 rows (approximately)
/*!40000 ALTER TABLE `customerinfo` DISABLE KEYS */;
INSERT INTO `customerinfo` (`custID`, `custFN`, `custLN`, `custAddress`, `custPhone`, `custEmail`) VALUES
	('C0000001', 'Tam', 'Yat Ching', 'Flat 1401, 14/F, Hang Ying House, 318-328 King\'s Road, NORTH POINT, HONG KONG', 72138421, 'ching@gmail.com'),
	('C0000002', 'Song', 'Jiang', 'Room 502, 5/F, Pao Yip Building, 1-7 Ship Street,WAN CHAI, HONG KONG', 85932211, 'ssj873@yahoo.mail.hk'),
	('C0000003', 'Leung', 'Shi Seng', 'Flat C, 4/F, Tsuen On Building, 20-24 Lo Tak Court, TSUEN WAN, NEW TERRITORIES', 32141122, 'sls39@hotmail.con'),
	('C0000004', 'Ngai', 'Wing Tung', 'Room 1918, 19/F, Hong Sang House, Kin Sang Estate, TUEN MUN, NEW TERRITORIES', 31231231, 'ngaiwt@gmail.com'),
	('C0000005', 'Tong', 'Zhen Hung', '5/F, Wo Fung House, 120 Portland Street, MONG KOK, KOWLOON', 95648312, 'tongzh@gmail.com'),
	('C0000006', 'Ching', 'Ho Wei, Nancy', 'Flat A3, 5/F, Block A, Po Wah Building, 1-27 Tai Ming Lane, TAI PO, NEW TERRITORIES', 53641233, 'nancyching@hotmail.com'),
	('C0000007', 'Poon', 'Danny', 'Room 3920, 39/F, Hong Ching House, Kai Ching Estate, 12 Muk Hung Street, KOWLOON CITY, KOWLOON', 90908532, 'dannyp00@gmail.com'),
	('C0000008', 'Yeung', 'Lin', 'Room C1806, 18/F, Cheung Tak House, Cheung Wah Estate, FANLING, NEW TERRITORIES', 34543333, 'ylyl@hotmail.cpm'),
	('C0000009', 'Au', 'Ka Leung', 'Flat 1920, 19/F, Fook Hoi House, Lek Yuen Estate, SHA TIN, NEW TERRITORIES', 23219311, 'aklak@hotmail.com'),
	('C0000010', 'Lee', 'Mei Yong', 'Flat K, 19/F, Block 8, Bauhinia Garden, TSEUNG KWAN O, NEW TERRITORIES', 89318312, 'mylee@gmail.com');
/*!40000 ALTER TABLE `customerinfo` ENABLE KEYS */;

-- Dumping structure for table foodniyame.dish
CREATE TABLE IF NOT EXISTS `dish` (
  `dishNo` int(11) NOT NULL,
  `dishType` varchar(255) DEFAULT NULL,
  PRIMARY KEY (`dishNo`)
) ENGINE=InnoDB DEFAULT CHARSET=latin1;

-- Dumping data for table foodniyame.dish: ~11 rows (approximately)
/*!40000 ALTER TABLE `dish` DISABLE KEYS */;
INSERT INTO `dish` (`dishNo`, `dishType`) VALUES
	(1, 'Western'),
	(2, 'Korean'),
	(3, 'Japanese'),
	(4, 'Chinese'),
	(5, 'Vietnamese '),
	(6, 'Thai'),
	(7, 'Drink'),
	(8, 'Cakes and Bakery'),
	(9, 'Soups'),
	(10, 'Snacks'),
	(11, 'Rice and Soups');
/*!40000 ALTER TABLE `dish` ENABLE KEYS */;

-- Dumping structure for table foodniyame.employeeinfo
CREATE TABLE IF NOT EXISTS `employeeinfo` (
  `employeeID` varchar(255) NOT NULL,
  `employeeFN` varchar(255) DEFAULT NULL,
  `employeeLN` varchar(255) DEFAULT NULL,
  `employeePhone` int(11) DEFAULT NULL,
  `PlatID` varchar(255) DEFAULT NULL,
  `district` varchar(255) DEFAULT NULL,
  PRIMARY KEY (`employeeID`)
) ENGINE=InnoDB DEFAULT CHARSET=latin1;

-- Dumping data for table foodniyame.employeeinfo: ~100 rows (approximately)
/*!40000 ALTER TABLE `employeeinfo` DISABLE KEYS */;
INSERT INTO `employeeinfo` (`employeeID`, `employeeFN`, `employeeLN`, `employeePhone`, `PlatID`, `district`) VALUES
	('E000001', 'Lee', 'Ying Tung', 53749041, 'D0000001', 'Eastern'),
	('E000002', 'Chan', 'Ian', 48920381, 'D0000001', 'South'),
	('E000003', 'Chow', 'Kwan Yee', 96032101, 'D0000003', 'Tuen Mun'),
	('E000004', 'Lau', 'Hei Yee', 35935842, 'D0000001', 'Tai Po'),
	('E000005', 'Wan', 'Bo Yee', 12388592, 'D0000003', 'Eastern'),
	('E000006', 'Mui', 'Gen', 98980210, 'D0000003', 'Kowloon City'),
	('E000007', 'Ma', 'Chun Wai', 84920491, 'D0000001', 'Sai Kung'),
	('E000008', 'Lam', 'Ching', 47720249, 'D0000003', 'Tai Po'),
	('E000009', 'Chen', 'Yu', 94049230, 'D0000001', 'Sha Tin'),
	('E000010', 'Au', 'Ka Wa', 39423812, 'D0000003', 'Kwun Tong'),
	('E000011', 'Yu', 'Pak Lok Patrick', 34940241, 'D0000003', 'Sham Shui Po'),
	('E000012', 'Wai', 'Yue', 34943012, 'D0000001', 'Central and Western'),
	('E000013', 'Fok', 'Chris', 12329402, 'D0000003', 'Yau Tsim Mong'),
	('E000014', 'Ko', 'Joe', 23429481, 'D0000003', 'Yuen Long'),
	('E000015', 'Chiu', 'Memory', 23212394, 'D0000003', 'North'),
	('E000016', 'Wu', 'Jack', 95840231, 'D0000001', 'Wong Tai Sin'),
	('E000017', 'Cheung', 'Micheal', 34329112, 'D0000001', 'Kwai Tsing'),
	('E000018', 'Wong', 'Ho Yee', 58301341, 'D0000001', 'Tsuen Wan'),
	('E000019', 'Wang', 'Yue', 90492012, 'D0000003', 'Kowloon City'),
	('E000020', 'Wong', 'Ho Yee', 32834911, 'D0000003', 'Wan Chai'),
	('E000021', 'Chan', 'Hei Lam', 23241113, 'D0000003', 'South'),
	('E000022', 'Chan', 'Hei Man', 11231231, 'D0000001', 'Tuen Mun'),
	('E000023', 'Chan', 'Hei Ching', 98985042, 'D0000003', 'Tuen Mun'),
	('E000024', 'Chan', 'Wai Fong', 70651931, 'D0000001', 'Yuen Long'),
	('E000025', 'Lee', 'Wing Kam', 31293113, 'D0000003', 'Sha Tin'),
	('E000026', 'Lee', 'Wing Shan', 39102311, 'D0000003', 'Wan Chai'),
	('E000027', 'Lee', 'Wing Yuk', 81231823, 'D0000003', 'Kwai Tsing'),
	('E000028', 'Lam', 'Zi Cheung', 54392011, 'D0000001', 'Sham Shui Po'),
	('E000029', 'Lau', 'Dak Wah', 35648321, 'D0000003', 'North'),
	('E000030', 'Lau', 'Wing Yee', 46582011, 'D0000003', 'Central and Western'),
	('E000031', 'Ng', 'Beatrice', 90585021, 'D0000003', 'Eastern'),
	('E000032', 'Ng', 'Hoi Yee', 84923011, 'D0000003', 'Eastern'),
	('E000033', 'Cheng', 'Yan Yee', 34213121, 'D0000001', 'Kowloon City'),
	('E000034', 'Lo', 'Anson', 22012311, 'D0000003', 'Yau Tsim Mong'),
	('E000035', 'Ma', 'Kok Ming', 53719376, 'D0000001', 'Tsuen Wan'),
	('E000036', 'Lam', 'Candy', 32108431, 'D0000003', 'Kwai Tsing'),
	('E000037', 'Ma', 'Helen', 32894711, 'D0000001', 'Kwun Tong'),
	('E000038', 'Lam', 'Kuen Hang', 32482191, 'D0000003', 'Wong Tai Sin'),
	('E000039', 'Chan', 'Fei Yeung', 23123841, 'D0000001', 'Yau Tsim Mong'),
	('E000040', 'Chan', 'Ivan', 48340281, 'D0000003', 'Yuen Long'),
	('E000041', 'Wong', 'Iris', 47491203, 'D0000001', 'Sai Kung'),
	('E000042', 'Lo', 'Yee Kei', 24754211, 'D0000003', 'Sai Kung'),
	('E000043', 'Cheng', 'Chi Kong', 24558212, 'D0000001', 'Sha Tin'),
	('E000044', 'Lo', 'Lai Ping', 34849410, 'D0000003', 'Sham Shui Po'),
	('E000045', 'On', 'Da Chun', 23414941, 'D0000003', 'Wong Tai Sin'),
	('E000046', 'Hui', 'Chi On', 12374612, 'D0000003', 'South'),
	('E000047', 'Liu', 'Ka Man', 68404312, 'D0000003', 'North'),
	('E000048', 'Lo', 'Malissa Jade', 23821810, 'D0000001', 'Central and Western'),
	('E000049', 'Smith', 'John', 23819341, 'D0000001', 'Eastern'),
	('E000050', 'Wong', 'Chris', 39481031, 'D0000001', 'Tsuen Wan'),
	('E000051', 'Ho', 'Shun Yiu', 23448301, 'D0000003', 'Kwai Tsing'),
	('E000052', 'Li', 'Yi Tung', 38404712, 'D0000003', 'Kwun Tong'),
	('E000053', 'Au Yeung', 'Yung', 31931123, 'D0000003', 'Islands(Tung Chung)'),
	('E000054', 'Yeung', 'Chin Wah', 21313840, 'D0000003', 'Yuen Long'),
	('E000055', 'Shi Ma', 'Kong', 23181312, 'D0000003', 'Yau Tsim Mong'),
	('E000056', 'Li', 'Bak', 31948913, 'D0000001', 'Yau Tsim Mong'),
	('E000057', 'To', 'Fu', 21313129, 'D0000001', 'North'),
	('E000058', 'Lam', 'Ying', 21392112, 'D0000001', 'Islands(Tung Chung)'),
	('E000059', 'Chiu', 'Kei Ming', 34819312, 'D0000003', 'Central and Western'),
	('E000060', 'Chu', 'Chim Kei', 13129191, 'D0000001', 'South'),
	('E000061', 'Chu', 'Dai', 31934501, 'D0000001', 'Sham Shui Po'),
	('E000062', 'Yiu', 'Chi Ling', 31848510, 'D0000003', 'Wan Chai'),
	('E000063', 'Ding', 'Chi Ko', 23930240, 'D0000001', 'Eastern'),
	('E000064', 'Lui', 'Fong', 13943810, 'D0000003', 'North'),
	('E000065', 'Chui', 'Shi Yee', 31983012, 'D0000003', 'Sai Kung'),
	('E000066', 'Chow Seng', 'Chen', 13139412, 'D0000001', 'Sham Shui Po'),
	('E000067', 'Bak', 'Luk', 45884913, 'D0000001', 'Sha Tin'),
	('E000068', 'Yam', 'Kok Chiu', 14384021, 'D0000001', 'Wong Tai Sin'),
	('E000069', 'Yam', 'Ka Lun', 31933021, 'D0000001', 'Kwun Tong'),
	('E000070', 'Bak', 'Mun Yin', 34859203, 'D0000003', 'Kwai Tsing'),
	('E000071', 'Yeung', 'Chi', 34930112, 'D0000003', 'Central and Western'),
	('E000072', 'Kiu', 'Ching Ching', 32141041, 'D0000001', 'Sham Shui Po'),
	('E000073', 'Kiu', 'Bo Bo', 51344143, 'D0000003', 'Yuen Long'),
	('E000074', 'Yu', 'Tao', 65830174, 'D0000003', 'Tsuen Wan'),
	('E000075', 'Zheung', 'San Shing', 44364812, 'D0000003', 'Tsuen Wan'),
	('E000076', 'Tam', 'Chun Wan', 45883012, 'D0000003', 'Tuen Mun'),
	('E000077', 'Song', 'Wei Lun', 34338291, 'D0000001', 'Islands(Tung Chung)'),
	('E000078', 'So', 'Se', 75930412, 'D0000001', 'North'),
	('E000079', 'So', 'Chi', 95894012, 'D0000003', 'South'),
	('E000080', 'Yim', 'Ko', 32160412, 'D0000001', 'Yuen Long'),
	('E000081', 'Zhong', 'Kwai', 47319401, 'D0000003', 'Tuen Mun'),
	('E000082', 'Ha', 'Ying Chung', 89890291, 'D0000003', 'Sha Tin'),
	('E000083', 'Chong', 'Mo Yim', 83902821, 'D0000003', 'Sai Kung'),
	('E000084', 'Fung', 'Ying Ying', 34738309, 'D0000001', 'Kwun Tong'),
	('E000085', 'Fan', 'Bing Bing', 87870001, 'D0000003', 'Wan Chai'),
	('E000086', 'Chan', 'Chin Chin', 89401221, 'D0000001', 'Tsuen Wan'),
	('E000087', 'Lai', 'Ha Keng', 23012391, 'D0000001', 'Tuen Mun'),
	('E000088', 'Cho', 'Shiu Ming', 34783012, 'D0000003', 'Yuen Long'),
	('E000089', 'Choy', 'Kok Kin', 32719212, 'D0000003', 'North'),
	('E000090', 'Bak', 'King Ting', 37319123, 'D0000001', 'Tsuen Wan'),
	('E000091', 'Wang', 'Hoi Yee', 13383481, 'D0000001', 'Sham Shui Po'),
	('E000092', 'Wei', 'Mo Shing', 38192101, 'D0000003', 'Kwai Tsing'),
	('E000093', 'Lam', 'Mong Kei', 31381021, 'D0000003', 'Kwun Tong'),
	('E000094', 'Tin', 'Ka Bing', 23132912, 'D0000001', 'Yuen Long'),
	('E000095', 'Tong', 'Yuk Tai', 60928121, 'D0000003', 'Yuen Long'),
	('E000096', 'Tong', 'Ying Ting', 98094012, 'D0000001', 'Sai Kung'),
	('E000097', 'Chin', 'Ka Lok', 31893301, 'D0000001', 'South'),
	('E000098', 'Zhen', 'On Kei', 23193132, 'D0000003', 'North'),
	('E000099', 'Fung', 'Yee', 39850523, 'D0000001', 'Tsuen Wan'),
	('E000100', 'Leung', 'Prisca', 95801231, 'D0000003', 'Kwai Tsing');
/*!40000 ALTER TABLE `employeeinfo` ENABLE KEYS */;

-- Dumping structure for table foodniyame.food
CREATE TABLE IF NOT EXISTS `food` (
  `foodID` varchar(255) NOT NULL,
  `foodName` varchar(500) DEFAULT NULL,
  `foodType` varchar(255) DEFAULT NULL,
  `price` int(11) DEFAULT NULL,
  `restName` varchar(255) DEFAULT NULL,
  PRIMARY KEY (`foodID`)
) ENGINE=InnoDB DEFAULT CHARSET=latin1;

-- Dumping data for table foodniyame.food: ~260 rows (approximately)
/*!40000 ALTER TABLE `food` DISABLE KEYS */;
INSERT INTO `food` (`foodID`, `foodName`, `foodType`, `price`, `restName`) VALUES
	('F000001', 'KFC Privilege Individual Meal for 1', 'set meal', 70, 'KFC'),
	('F000002', 'Chicken Party for 2', 'set meal', 170, 'KFC'),
	('F000003', '18 pcs Chicken', 'chicken', 244, 'KFC'),
	('F000004', 'KFC Classics Party Snack Box', 'snack', 180, 'KFC'),
	('F000005', 'Corn Cobette', 'snack', 16, 'KFC'),
	('F000006', 'Krispy Chicken Combi for 1', 'chicken', 69, 'KFC'),
	('F000007', 'KFC Privilege Buddy Meal for 2', 'set meal', 180, 'KFC'),
	('F000008', 'Original Recipe Chicken', 'chicken', 25, 'KFC'),
	('F000009', '5 pcs Hot Wings', 'snack', 20, 'KFC'),
	('F000010', 'Egg Tart', 'snack', 12, 'KFC'),
	('F000011', 'McNuggets (9pcs) Combo for 1', 'combo', 60, 'McDonald'),
	('F000012', 'Burger Lovers Combo for 2', 'combo', 53, 'McDonald'),
	('F000013', 'Crispy Thighs (2pcs) ', 'snack', 41, 'McDonald'),
	('F000014', 'Big Mac', 'burger', 25, 'McDonald'),
	('F000015', 'McSpicy Chicken Filet', 'snack', 27, 'McDonald'),
	('F000016', 'Shogun Burger', 'burger', 28, 'McDonald'),
	('F000017', 'Crispy Thighs Sharing Bucket Combo for 3', 'combo', 183, 'McDonald'),
	('F000018', 'Happy Family Combo', 'combo', 135, 'McDonald'),
	('F000019', 'Filet-O-Fish', 'burger', 23, 'McDonald'),
	('F000020', 'Angus Original', 'burger', 34, 'McDonald'),
	('F000021', 'French Toast ', 'all day breakfast', 115, 'Beans'),
	('F000022', 'Egg s Royale', 'all day breakfast', 122, 'Beans'),
	('F000023', 'The Backyard Breakfast', 'all day breakfast', 175, 'Beans'),
	('F000024', 'Roasted Pork Kunckle', 'main', 273, 'Beans'),
	('F000025', 'Grilled Prawn Spaghetti', 'spaghetti', 170, 'Beans'),
	('F000026', 'Classic Benedict', 'All day breakfast', 50, 'Beans'),
	('F000027', 'Caramel Banana Breakfast with Beans Waffles', 'All day breakfast', 105, 'Beans'),
	('F000028', 'The Margherita', 'All day breakfast', 117, 'Beans'),
	('F000029', 'CREAMY CAULIFLOWER RICE WITH SHRIMPS', 'rice', 129, 'Beans'),
	('F000030', 'French cream 35% . Matcha Roulade', 'desert', 50, 'Beans'),
	('F000031', 'Strawberry Mango Jelly Starbucks M:LK Cream™ Oolong', 'drink', 46, 'Starbucks'),
	('F000032', 'Caffe Latte', 'drink', 43, 'Starbucks'),
	('F000033', 'Oat Latte Macchiato', 'drink', 47, 'Starbucks'),
	('F000034', 'Caramel Macchiato', 'drink', 46, 'Starbucks'),
	('F000035', 'Cold Brew', 'drink', 43, 'Starbucks'),
	('F000036', 'Classic Bakery Set', 'set meal', 71, 'Starbucks'),
	('F000037', 'Breakfast Sandwich Set', 'set meal', 70, 'Starbucks'),
	('F000038', 'Casserole Set', 'set meal', 104, 'Starbucks'),
	('F000039', 'Caffe Americano', 'drink', 39, 'Starbucks'),
	('F000040', 'Vanilla Latte', 'drink', 47, 'Starbucks'),
	('F000041', 'Luncheon Meat and Scrambled Egg Instant Noodles', 'breakfast', 48, 'Tai Hing'),
	('F000042', 'Ham Macaroni with Scrambled Egg and Butter Toast', 'breakfast', 48, 'Tai Hing'),
	('F000043', 'Pan-fried Boneless Chicken and Egg Instant Noodle', 'breakfast', 48, 'Tai Hing'),
	('F000044', 'Preserved Cabbage and Shredded Pork Rice Vermicelli with Ham and Butter Toast', 'breakfast', 48, 'Tai Hing'),
	('F000045', 'Shredded Pork and Hot Pickled Mustard Root Rice Vermicelli with Sausage and Butter Toas', 'breakfast', 48, 'Tai Hing'),
	('F000046', 'Plain Chicken with Rice', 'rice', 75, 'Tai Hing'),
	('F000047', 'Spicy Fried Rice Vermicelli', 'noodle', 78, 'Tai Hing'),
	('F000048', 'Pork Leg Soup Noodle', 'noodle', 60, 'Tai Hing'),
	('F000049', 'Ribs noodle', 'noodle', 60, 'Tai Hing'),
	('F000050', 'Roast Goose', 'dish', 270, 'Tai Hing'),
	('F000051', 'Supreme Rice Noodles', 'noodle', 70, 'TamJai SamGor Mixian'),
	('F000052', 'Rice Noodles with one topping', 'noodle', 44, 'TamJai SamGor Mixian'),
	('F000053', 'Spicy and Garlic Chicken Wing Tips', 'dish', 20, 'TamJai SamGor Mixian'),
	('F000054', 'Tomato with Chese in Vineger & Chili Sauce', 'vegatable', 21, 'TamJai SamGor Mixian'),
	('F000055', 'Cucumber', 'vegatable', 19, 'TamJai SamGor Mixian'),
	('F000056', 'Supreme Combo', 'combo', 71, 'TamJai Yunnan Mixian '),
	('F000057', 'Set Meal for 2', 'set meal', 159, 'TamJai Yunnan Mixian '),
	('F000058', 'Chicken Foot Tendons with Garlic Sause and Chili ', 'dish', 35, 'TamJai Yunnan Mixian '),
	('F000059', 'Hunan Chicken Wing- 5 pcs', 'dish', 42, 'TamJai Yunnan Mixian '),
	('F000060', 'Black fungus in Special Chili Sause', 'dish', 33, 'TamJai Yunnan Mixian '),
	('F000061', 'Pan fried prawns in tomato sauce', 'dish', 235, 'Jade Garden'),
	('F000062', 'Bento Set', 'set meal ', 138, 'Jade Garden'),
	('F000063', 'Steamed shrimp dumplings', 'dish', 54, 'Jade Garden'),
	('F000064', 'Steamed minced beet balls', 'dish', 44, 'Jade Garden'),
	('F000065', 'Set Menu for 2 Persons', 'set meal', 348, 'Jade Garden'),
	('F000066', 'Set Menu for 4 Persons', 'set meal', 568, 'Jade Garden'),
	('F000067', 'Steamed Rice', 'rice', 20, 'Jade Garden'),
	('F000068', 'Braised bamboo pith & mixed vegetables', 'dish', 128, 'Jade Garden'),
	('F000069', 'Braised eel with pork belly & garlic', 'dish', 198, 'Jade Garden'),
	('F000070', 'Roasted goose (regular)', 'dish', 125, 'Jade Garden'),
	('F000071', 'Beef Boel (Large) ', 'rice', 60, 'Yoshinoya'),
	('F000072', 'Pork & Vegetable Bowl (Large)', 'rice', 62, 'Yoshinoya'),
	('F000073', 'Chicken Nanban Bowl (Large) ', 'rice', 80, 'Yoshinoya'),
	('F000074', 'Combo for 2', 'set meal', 136, 'Yoshinoya'),
	('F000075', 'Combo for 3', 'set meal', 196, 'Yoshinoya'),
	('F000076', 'Chincken Nanban (3pcs)', 'dish', 46, 'Yoshinoya'),
	('F000077', 'Grilled Saba Fish', 'dish', 32, 'Yoshinoya'),
	('F000078', 'Vegatable ', 'dish', 18, 'Yoshinoya'),
	('F000079', 'Mushroom, Pork & Chicken Bowl ', 'rice', 72, 'Yoshinoya'),
	('F000080', 'Japanese Curry Beef & Chicken Bowl', 'rice', 67, 'Yoshinoya'),
	('F000081', 'Special Sushi Set A', 'sushi', 146, 'Genki Sushi '),
	('F000082', 'Classic Sushi Set A', 'sushi', 304, 'Genki Sushi '),
	('F000083', 'A Kid Sushi Set A', 'sushi', 137, 'Genki Sushi '),
	('F000084', 'Genki A (For 4-5 persons)', 'set meal', 608, 'Genki Sushi '),
	('F000085', 'Chu Toro', 'sushi', 143, 'Genki Sushi '),
	('F000086', 'Soft Shell Crab Hand Roll', 'sushi', 30, 'Genki Sushi '),
	('F000087', 'Salmon Hand Roll', 'sushi', 23, 'Genki Sushi '),
	('F000088', 'Whelk Tops', 'snack', 26, 'Genki Sushi '),
	('F000089', 'Green Soybean', 'snack', 23, 'Genki Sushi '),
	('F000090', 'Octopus with Wasabi', 'snack', 26, 'Genki Sushi '),
	('F000091', 'Salmon ', 'sushi', 8, 'Sushi Express'),
	('F000092', 'Boiled Octopus', 'sushi', 8, 'Sushi Express'),
	('F000093', 'Tuna', 'sushi', 8, 'Sushi Express'),
	('F000094', 'Shrimp', 'sushi', 8, 'Sushi Express'),
	('F000095', 'Prime Salmon', 'sushi', 8, 'Sushi Express'),
	('F000096', 'Yellowtail', 'sushi', 8, 'Sushi Express'),
	('F000097', 'Prime Swordfish', 'sushi', 8, 'Sushi Express'),
	('F000098', 'Green Soybean', 'snack', 8, 'Sushi Express'),
	('F000099', 'Imitation Abalone', 'sushi', 8, 'Sushi Express'),
	('F000100', 'Baby Octopus with Sesame', 'sushi', 8, 'Sushi Express'),
	('F000101', 'Pork Cutlet Curry Rice', 'rice', 55, 'Gin Curry'),
	('F000102', 'The Original Gin Curry Rice', 'rice', 38, 'Gin Curry'),
	('F000103', 'American Fried Chicken Curry Rice', 'rice', 55, 'Gin Curry'),
	('F000104', 'Cheese Hamburger Egg Curry Rice', 'rice', 65, 'Gin Curry'),
	('F000105', 'Pork Cutlet Curry Rice', 'rice', 16, 'Gin Curry'),
	('F000106', 'Teriyaki Chicken', 'dish', 16, 'Gin Curry'),
	('F000107', 'Deep Fried Chicken', 'snack', 16, 'Gin Curry'),
	('F000108', 'Fried Egg', 'snack', 5, 'Gin Curry'),
	('F000109', 'Sausage', 'snack', 4, 'Gin Curry'),
	('F000110', 'Cheese Omelette Curry Rice', 'rice', 58, 'Gin Curry'),
	('F000111', 'Cod Fish Roe Slad Omusubi', 'sushi', 18, 'Hana-Musubi'),
	('F000112', 'Tuna with Mayonnaise Omusubi', 'sushi', 18, 'Hana-Musubi'),
	('F000113', 'Spicy Cod Roe Omusubi', 'sushi', 18, 'Hana-Musubi'),
	('F000114', 'Pickled Plum lightly salted Omusubi', 'sushi', 18, 'Hana-Musubi'),
	('F000115', 'Red Show Crab Omusubi', 'sushi', 18, 'Hana-Musubi'),
	('F000116', 'Beef & Pork Chop Pho', 'noodle', 56, 'Viet\'sChoice'),
	('F000117', 'Set Meal for 2', 'set meal', 218, 'Viet\'sChoice'),
	('F000118', 'Set Meal for 4', 'set meal', 418, 'Viet\'sChoice'),
	('F000119', 'Fried Prawn Cake And Chicken Wings Vermicelli', 'dish', 74, 'Viet\'sChoice'),
	('F000120', 'Jumbo Mix (For 2 Persons)', 'set meal', 144, 'Viet\'sChoice'),
	('F000121', 'Special Beef Pho', 'noodle', 58, 'Viet\'s Choice'),
	('F000122', 'Rare Beef Pho', 'noodle', 52, 'Viet\'s Choice'),
	('F000123', 'Plain Pho', 'noodle', 34, 'Viet\'s Choice'),
	('F000124', 'Lettuce in Soup', ' soup', 22, 'Viet\'s Choice'),
	('F000125', 'Red Rice', 'rice', 20, 'Viet\'s Choice'),
	('F000126', 'Locomotive Pho With Angus Beef...', 'noodle', 118, 'Pho Le'),
	('F000127', 'Pho with Assorted Beef in Soup', 'noodle', 88, 'Pho Le'),
	('F000128', 'Pho with Beef Ball in Soup', 'noodle', 85, 'Pho Le'),
	('F000129', 'Cold Vermicelli with Pork Chop', 'noodle', 83, 'Pho Le'),
	('F000130', 'Assorted Combo', 'combo', 74, 'Pho Le'),
	('F000131', 'Set for 2', 'set meal', 248, 'Pho Le'),
	('F000132', 'Set for 4', 'set meal', 458, 'Pho Le'),
	('F000133', 'Pho with Well Done Beef in Soup', 'noodle', 85, 'Pho Le'),
	('F000134', 'Cold Vermicelli with Chicken Wings', 'noodle', 83, 'Pho Le'),
	('F000135', 'Cold Vermicelli with Pork Chop', 'noodle', 83, 'Pho Le'),
	('F000136', 'Mini Grilled Beef Gimbap', 'sushi', 43, 'MeokBang Koean BBQ'),
	('F000137', 'Bibimbap (Beef)', 'rice', 82, 'MeokBang Koean BBQ'),
	('F000138', 'Japchae', 'noodle', 85, 'MeokBang Koean BBQ'),
	('F000139', 'Rib Spare Stew with Rice', 'rice in soup', 117, 'MeokBang Koean BBQ'),
	('F000140', 'Kelp Soup with Rice', 'rice in soup', 48, 'MeokBang Koean BBQ'),
	('F000141', 'NeNe Double Deal Chicken Set', 'set meal', 318, 'Nene Chicken'),
	('F000142', 'NeNe Regular Set(for 2 ppl)', 'set meal', 258, 'Nene Chicken'),
	('F000143', 'NeNe Deluxe set set(for 2 ppl)', 'set meal', 308, 'Nene Chicken'),
	('F000144', 'NeNe 5x5 Chicken', 'combo', 298, 'Nene Chicken'),
	('F000145', 'NeNe Bring Your Savour Party Box(For 6 ppl)With Kloud x BTS Beer Set', 'combo', 1003, 'Nene Chicken'),
	('F000146', 'NeNe Bring Your Savour Party Box(For 6 ppl)With Soft drinks x 6 cans', 'combo', 813, 'Nene Chicken'),
	('F000147', 'Hot Cheese Rice Cake Fried Chicken (8 pcs)', 'chicken', 134, 'Nene Chicken'),
	('F000148', 'Rose Sauce Rice Cake with Vermicelli Noodles', 'noodle', 128, 'Nene Chicken'),
	('F000149', 'Garlic Olive Oil Rice Cake with Shrimp Pasta', 'pasta', 118, 'Nene Chicken'),
	('F000150', 'Half, Half and Half Chicken', 'chicken', 248, 'Nene Chicken'),
	('F000151', 'Marinated Grilled Beef Set ', 'set meal', 98, 'Lee\'s chicken Hof and Soju'),
	('F000152', 'Hot-Stone Bibimbap', 'rice', 88, 'Lee\'s chicken Hof and Soju'),
	('F000153', 'Fried Seaweed Rolls ', 'snack', 58, 'Lee\'s chicken Hof and Soju'),
	('F000154', 'Sausage and Rice Cake', 'sanck', 38, 'Lee\'s chicken Hof and Soju'),
	('F000155', 'Original Fried Chicken', 'chicken', 128, 'Lee\'s chicken Hof and Soju'),
	('F000156', 'Boneless Original Fried Chicken', 'chicken', 133, 'Lee\'s chicken Hof and Soju'),
	('F000157', 'Soy Sause Fried Chicken', 'chicken', 138, 'Lee\'s chicken Hof and Soju'),
	('F000158', 'Spicy Cheese Pork Rib', 'pork', 358, 'Lee\'s chicken Hof and Soju'),
	('F000159', 'Spicy Cheese Pig Trotters', 'pig', 358, 'Lee\'s chicken Hof and Soju'),
	('F000160', 'BBQ Pork Belly', 'pork', 238, 'Lee\'s chicken Hof and Soju'),
	('F000161', 'HH3+15 Goobne Original Chicken + Korean Smoky BBQ Chicken', 'combo', 238, 'Goobne'),
	('F000162', 'HH15+8 Korean Smoky BBQ Chicken + Honey Mellow Chicken', 'combo', 238, 'Goobne'),
	('F000163', 'HH3+8 Goobne Original Chicken + Honey Mellow Chicken', 'combo', 238, 'Goobne'),
	('F000164', 'HH5+13 Sweet & Spicy Chicken + Fruity Soy Garlic Chicken', 'combo', 238, 'Goobne'),
	('F000165', 'Special eggs roll', 'snack', 148, 'Goobne'),
	('F000166', 'UFO Fondue Boneless', 'combo', 268, 'Goobne'),
	('F000167', 'UFO Rosé Tteokbokki Combo(Boneless)', 'combo', 298, 'Goobne'),
	('F000168', 'Kimchi Jeon (Kimchi Pancake)', 'snack', 108, 'Goobne'),
	('F000169', 'Seafood-Jeon (Seafood Pancake)', 'snack', 118, 'Goobne'),
	('F000170', 'Goobne Chicago Pizza', 'pizza', 188, 'Goobne'),
	('F000171', 'Honeycomb Croissant', 'breads', 25, 'Hazukido'),
	('F000172', 'Golden Cheese Croissamt', 'breads', 28, 'Hazukido'),
	('F000173', 'Salted Egg Yolk Croissant', 'breads', 32, 'Hazukido'),
	('F000174', 'Custard Coissant', 'breads', 32, 'Hazukido'),
	('F000175', 'Caramel Pudding Croissant', 'breads', 34, 'Hazukido'),
	('F000176', 'Spicy Cod Roe Croissant', 'breads', 26, 'Hazukido'),
	('F000177', 'Lemon Icing Croissant', 'breads', 30, 'Hazukido'),
	('F000178', 'Hazelnut Chocolate Croissant', 'breads', 34, 'Hazukido'),
	('F000179', 'Smoked Chicken Croissant', 'breads', 34, 'Hazukido'),
	('F000180', 'Raspberry Panna Cotta Croissant', 'breads', 30, 'Hazukido'),
	('F000181', 'Mount Fuji', 'cake', 599, 'Twinkle Baker Décor'),
	('F000182', 'Earl Grey Breeze', 'cake', 599, 'Twinkle Baker Décor'),
	('F000183', 'Rainbow at Dawn ', 'cake', 478, 'Twinkle Baker Décor'),
	('F000184', 'Take a break!', 'cake', 385, 'Twinkle Baker Décor'),
	('F000185', 'I have got your back', 'cake', 385, 'Twinkle Baker Décor'),
	('F000186', 'Fall for you', 'cake', 373, 'Twinkle Baker Décor'),
	('F000187', 'Dusty Elves', 'cake', 485, 'Twinkle Baker Décor'),
	('F000188', 'Blissful Peach', 'cake', 485, 'Twinkle Baker Décor'),
	('F000189', 'Sakura Peach', 'cake', 485, 'Twinkle Baker Décor'),
	('F000190', 'Pink Sweetie', 'cake', 485, 'Twinkle Baker Décor'),
	('F000191', 'Dark Magic -Mini 72% Dark Chocolate Cake', 'cake', 328, 'LUCULLUS'),
	('F000192', '5 inch Royel 1976- Mini 60% Dark Chocolate Truffle Cake', 'cake', 328, 'LUCULLUS'),
	('F000193', '5 inch Cheese Affection-Mini Blueberry Baked Cheese Cake', 'cake', 306, 'LUCULLUS'),
	('F000194', '5 inch Refreshing Mind - Yuzu Kiri Cheese Cake', 'cake', 317, 'LUCULLUS'),
	('F000195', '5 inch Mini Mango Feuille', 'cake', 350, 'LUCULLUS'),
	('F000196', 'Egg Tart', 'desert', 7, 'Tai Cheong Bakery'),
	('F000197', 'Chicken batches', 'cake', 12, 'Tai Cheong Bakery'),
	('F000198', 'sausage buns', 'cake', 9, 'Tai Cheong Bakery'),
	('F000199', 'Sweetheart cake', 'cake', 9, 'Tai Cheong Bakery'),
	('F000200', 'Red bean Cake', 'cake', 9, 'Tai Cheong Bakery'),
	('F000201', 'Hawailian Toast', 'breads', 47, 'Paper Stone Bakery Cafe'),
	('F000202', 'Cheese & Mushroom Toast', 'breads', 47, 'Paper Stone Bakery Cafe'),
	('F000203', 'Blueberry Muffin', 'desert', 36, 'Paper Stone Bakery Cafe'),
	('F000204', 'Banana Muffin', 'desert', 36, 'Paper Stone Bakery Cafe'),
	('F000205', 'English Scone', 'breads', 37, 'Paper Stone Bakery Cafe'),
	('F000206', 'Green Tea with Cheese Milk Foam', 'drink', 33, 'Kung Fu Tea '),
	('F000207', 'Black Tea with Cheese Milk Foam', 'drink', 33, 'Kung Fu Tea '),
	('F000208', 'Four Season Green Tea with Cheese Milk Foam', 'drink', 33, 'Kung Fu Tea '),
	('F000209', 'Tieguanyin Tea with Cheese Milk Foam', 'drink', 33, 'Kung Fu Tea '),
	('F000210', 'Matcha with Cheese Milk Foam', 'drink', 41, 'Kung Fu Tea '),
	('F000211', 'Ceylon Black Tea', 'drink', 23, 'Kung Fu Tea '),
	('F000212', 'Original Green Tea', 'drink', 23, 'Kung Fu Tea '),
	('F000213', 'Anxi Tieguanyin', 'drink', 23, 'Kung Fu Tea '),
	('F000214', 'Handmade Winter Melon Tea', 'drink', 23, 'Kung Fu Tea '),
	('F000215', 'Ginger Tea (Hot Only)', 'drink', 22, 'Kung Fu Tea '),
	('F000216', 'Iced - Mulberry Fruit Tea', 'drink', 25, 'TP Tea'),
	('F000217', 'Iced - Passion Fruit Mulberry Smoothies', 'drink', 32, 'TP Tea'),
	('F000218', 'Iced - Black Tea Latte', 'drink', 27, 'TP Tea'),
	('F000219', 'Iced - TheGuanYin Tea Latte', 'drink', 27, 'TP Tea'),
	('F000220', 'Iced - Classic Black Milk Tea', 'drink', 22, 'TP Tea'),
	('F000221', 'Honey green tea w/jelly', 'drink', 34, 'Kingyo'),
	('F000222', 'Honey oolong tea', 'drink', 30, 'Kingyo'),
	('F000223', 'Taiwan oolong tea', 'drink', 26, 'Kingyo'),
	('F000224', 'Chocolate milk tea', 'drink', 29, 'Kingyo'),
	('F000225', 'Lemon yakult', 'drink', 34, 'Kingyo'),
	('F000226', 'Ginger Coffer', 'drink', 40, 'E-Tea'),
	('F000227', 'Brown Suger Boba Coffer', 'drink', 40, 'E-Tea'),
	('F000228', 'Americano', 'drink', 34, 'E-Tea'),
	('F000229', 'Roselle Rose Tea (Hot | 500ml)', 'drink', 40, 'E-Tea'),
	('F000230', 'Orange with Jasmine Tea', 'drink', 37, 'E-Tea'),
	('F000231', 'Biluochun Green Tea', 'drink', 36, 'COMEBUYTEA'),
	('F000232', 'Hibiscus Honey Black Tea', 'drink', 36, 'COMEBUYTEA'),
	('F000233', 'Alishan Oolong Tea', 'drink', 36, 'COMEBUYTEA'),
	('F000234', 'Oriental Beauty Oolong', 'drink', 36, 'COMEBUYTEA'),
	('F000235', 'Ceylon Black Tea', 'drink', 30, 'COMEBUYTEA'),
	('F000236', 'Stir-fried Bean Vermicelli with Chicken', 'dish', 101, 'Thai Cool'),
	('F000237', 'Pineapple Fried Rice with Whole Prawn', 'rice', 166, 'Thai Cool'),
	('F000238', 'Charcoal Grilled Lamp Racks (2pcs)', 'dish', 114, 'Thai Cool'),
	('F000239', 'Thai Deep-fried Fish Cake', 'snack', 78, 'Thai Cool'),
	('F000240', 'Snacks Combination (Chicken WIng, Fish Cake, Shrimp Cake and Spring Roll)', 'snack', 114, 'Thai Cool'),
	('F000241', 'Beef Salad', 'salad', 149, 'Cha Thai'),
	('F000242', 'Shirmp Paste Fried Rice', 'rice', 118, 'Cha Thai'),
	('F000243', 'Tom Yum Seafood Noodle', 'noodle', 118, 'Cha Thai'),
	('F000244', 'Crispy Spring Roll', 'snack', 97, 'Cha Thai'),
	('F000245', 'Grilled Pork Neck', 'dish', 130, 'Cha Thai'),
	('F000246', 'Red Wine Oxtail with Rice in Soup', 'rice in soup', 73, 'Soup Plus'),
	('F000247', 'Blaxe Mushroom, Yam, Black Chicken with Rice in Soup', 'rice in soup', 78, 'Soup Plus'),
	('F000248', 'Preserved Egg, Tofu, Sliced Pork & Parsley with Rice in Soup', 'rice in soup', 59, 'Soup Plus'),
	('F000249', 'Cordyceps Flower, Maw, Fish Belly, Chicken in Soup', 'rice in soup', 89, 'Soup Plus'),
	('F000250', 'Salty Egg, Mustard Leaf and Pork with in Rice in Soup', 'rice in soup', 58, 'Soup Plus'),
	('F000251', 'Chicken Soup with Fish Maw, Chinese Ham and Mushroom for Nourishing', 'soup', 90, 'Hung Fook Tong'),
	('F000252', 'Crocodile Soup with Chuan Bei and Loquat leaves for Nourishing Lung', 'soup', 60, 'Hung Fook Tong'),
	('F000253', 'Pork Soup with Radix Fici Simplicissimae, Radix Milletia speciosa and Chinese Wild Yam for Removing Dampness', 'soup', 60, 'Hung Fook Tong'),
	('F000254', 'Black Silky Chicken Soup with Fish Maw and Sea Whelk for Beautifying', 'soup', 60, 'Hung Fook Tong'),
	('F000255', 'Pork Soup with Fish Maw, Sea Coconut, Chuan Bei and Lily Bulb for Nourishing Lung', 'soup', 60, 'Hung Fook Tong'),
	('F000256', 'Whole Coconut with Chicken', 'soup', 79, 'Mr. Fresh Soup'),
	('F000257', 'Dried vegetables with Pork\'s Lung', 'soup', 69, 'Mr. Fresh Soup'),
	('F000258', 'Overlord Flowers with Pork Ribs', 'soup', 30, 'Mr. Fresh Soup'),
	('F000259', 'Hericium Erinaceus with Pork', 'soup', 69, 'Mr. Fresh Soup'),
	('F000260', 'Conch and Lilaceae with Chicken', 'soup', 79, 'Mr. Fresh Soup');
/*!40000 ALTER TABLE `food` ENABLE KEYS */;

-- Dumping structure for table foodniyame.orderinfo
CREATE TABLE IF NOT EXISTS `orderinfo` (
  `ordID` varchar(255) DEFAULT NULL,
  `ordTime` time DEFAULT NULL,
  `ordDate` date DEFAULT NULL,
  `custID` varchar(255) DEFAULT NULL,
  `restID` varchar(255) DEFAULT NULL,
  `foodID` varchar(255) DEFAULT NULL,
  `platform` varchar(255) DEFAULT NULL,
  `special` varchar(255) DEFAULT NULL,
  `originalPrice` int(11) DEFAULT NULL,
  `discount` double DEFAULT NULL,
  `total` double DEFAULT NULL,
  `payment` varchar(255) DEFAULT NULL,
  `employID` varchar(255) DEFAULT NULL,
  `deliverTime` time DEFAULT NULL,
  `deliverDate` date DEFAULT NULL,
  `remark` varchar(500) DEFAULT NULL
) ENGINE=InnoDB DEFAULT CHARSET=latin1;

-- Dumping data for table foodniyame.orderinfo: ~2 rows (approximately)
/*!40000 ALTER TABLE `orderinfo` DISABLE KEYS */;
INSERT INTO `orderinfo` (`ordID`, `ordTime`, `ordDate`, `custID`, `restID`, `foodID`, `platform`, `special`, `originalPrice`, `discount`, `total`, `payment`, `employID`, `deliverTime`, `deliverDate`, `remark`) VALUES
	('O0000001', '17:00:00', '2022-04-24', 'C0000001', 'R0000002', 'F000002', 'Foodpanda', 'No', 180, 1, 180, 'visa', 'E000001', '17:30:00', '2022-04-24', 'I will go down stair to pick up. Please contact me, thank you.'),
	('O0000002', '13:00:00', '2022-04-25', 'C0000005', 'R0000029', 'F000145', 'Foodpanda', 'Seperate the source and chicken', 1018, 1, 1018, 'visa', 'E000056', '14:00:00', '2022-04-25', 'Please have contact me before deliver'),
	('O0000003', '13:05:00', '2022-04-25', 'C0000002', 'R0000036', 'F000185', 'Deliveroo', 'Less sugar', 397, 0.9, 357.3, 'master', 'E000020', '17:00:00', '2022-04-25', 'please deliver at 17:00 on 26/04/2022');
/*!40000 ALTER TABLE `orderinfo` ENABLE KEYS */;

-- Dumping structure for table foodniyame.restauramtinfo
CREATE TABLE IF NOT EXISTS `restauramtinfo` (
  `restID` varchar(255) NOT NULL,
  `restName` varchar(255) DEFAULT NULL,
  `district` varchar(255) DEFAULT NULL,
  `dishtype` varchar(255) DEFAULT NULL,
  `restAddress` varchar(500) DEFAULT NULL,
  `restPhone` int(11) DEFAULT NULL,
  PRIMARY KEY (`restID`)
) ENGINE=InnoDB DEFAULT CHARSET=latin1;

-- Dumping data for table foodniyame.restauramtinfo: ~52 rows (approximately)
/*!40000 ALTER TABLE `restauramtinfo` DISABLE KEYS */;
INSERT INTO `restauramtinfo` (`restID`, `restName`, `district`, `dishtype`, `restAddress`, `restPhone`) VALUES
	('R0000001', 'KFC', 'Tuen Mun', 'Western', 'No.7D1 ,Level 3 , Waldorf Avenue, 1 Tuen Lee Street, Tuen Mun, New Territories., Hong Kong', 23921667),
	('R0000002', 'KFC', 'Eastern', 'Western', 'Ming Yuen Court, King\'s Rd, North Point', 21800000),
	('R0000003', 'McDonald', 'Tai Po', 'Western', 'Shop 9, 1/F, Uptown Plaza, No.9 Nam Wan Road, Tai Po, Hong Kong', 26529900),
	('R0000004', 'McDonald', 'Yau Tsim Mong', 'Western', 'Shop A and C, G/F, Nathan Tower, 518-520 Nathan Road, Yau Ma Tei, Kowloon, Hong Kong', 23851611),
	('R0000005', 'Beans', 'Tai Po', 'Western', 'Shop 670A-671B, G/F, Zone D, Tai Po Mega Mall, 9 On Pong Road, Tai Po, Hong Kong', 53962747),
	('R0000006', 'Beans ', 'Kowloon City', 'Western', 'Shop Unit P39A Telford Plaza Kowloon Bay,, Hong Kong', 25580230),
	('R0000007', 'Starbucks', 'Kwai Tsing', 'Western', 'Shop No.219A, Level 2, Metroplaza, Kwai Fong, Hong Kong', 28853031),
	('R0000008', 'Starbucks ', 'Tsuen Wan', 'Western', 'Open Café A on Level 2 of Tsuen Wan Plaza, Tsuen Wan, New Territories, Hong Kong', 26248560),
	('R0000009', 'Tai Hing', 'Eastern', 'Chinese', 'Shop B, G/F, Fortwest, 1 Westlands Road, Quarry Bay', 29110628),
	('R0000010', 'Tai Hing', 'Tai Po', 'Chinese', 'Shop 13, G/F, Eightland Gardens, 2 On Chee Road, Tai Po', 26612711),
	('R0000011', 'TamJai SamGor Mixian', 'ShaTin', 'Chinese', 'Shop 48-51, 3/F., Hilton Plaza. 3-9 Sha Tin Centre Street, Sha Tin', 27800345),
	('R0000012', 'TamJai Yunnan Mixian ', 'Tai Po', 'Chinese', 'Shop 027-030, 2/F, Zone A, Tai Po Mega Mall, 9 On Pong Road, Tai Po', 21690178),
	('R0000013', 'Jade Garden', 'Yuen Long', 'Chinese', 'Shop 2039, 2/F, YOHO MALL, 9 Yuen Lung Street, Yuen Long', 22593538),
	('R0000014', 'Jade Garden', 'Kwai Tsing', 'Chinese', 'Shop 107, 1/F, Citywalk 1, 1 Yeung Uk Road, Hong Kong', 29410092),
	('R0000015', 'Yoshinoya', 'Tuen Mun', 'Japanese ', 'Shop 25, 3/F, South Wing, The Trend Plaza, 2 Tuen Lung Street, Tuen Mun', 24590202),
	('R0000016', 'Yoshinoya', 'Eastern', 'Japanese ', 'Shop U39, G/F, Fit Fort, 560 King\'s Road, North Point', 29592322),
	('R0000017', 'Genki Sushi ', 'Tai Po', 'Japanese ', 'Shop A001, 1/F, Uptown Plaza, 9 Nam Wan Road, Tai Po', 26766388),
	('R0000018', 'Genki Sushi ', 'North', 'Japanese ', 'Shop 51, 2/F, Fanling Town Centre, 18 Fanling Station Road, Fanling', 26764316),
	('R0000019', 'Sushi Express', 'Tuen Mun', 'Japanese ', 'Shop L103, G/F, Leung King Plaza, 31 Tin King Road, Tuen Mun', 24609028),
	('R0000020', 'Sushi Express', 'Wan Chai', 'Japanese ', 'Shop H, G/F, Po Foo Building, 39-47 Lee Garden Road, Causeway Bay, X Hong Kong', 28147128),
	('R0000021', 'Gin Curry', 'Yuen Long', 'Japanese ', 'Shop 304, 3/F, Yuen Long Plaza, 249-251 Castle Peak, Yuen Long', 28826062),
	('R0000022', 'Gin Curry', 'Tsuen Wan', 'Japanese ', 'Shop R01, B2/F, Panda Place, 3 Tsuen Kwai Street, Tsuen Wan, X Hong Kong', 31140000),
	('R0000023', 'Hana-Musubi', 'Tuen Mun', 'Japanese ', 'Shop 37, 1/F, Tuen Mun Town Plaza II, 3 Tuen Lung Street, Tuen Mun', 26517077),
	('R0000024', 'Viet\'s Choice', 'Tsuen Wan', 'Vietanmese', 'Shop 410, 4/F, Tsuen Wan Plaza, 4-30 Tai Pa Street, Tsuen Wan', 25758688),
	('R0000025', 'Viet\'s Choice', 'Wong Tai Sin', 'Vietanmese', 'Shop 2213, 2/F, Zone B, Lok Fu Shopping Centre, 198 Junction Road, Lok Fu, Hong Kong, Hong Kong', 23388107),
	('R0000026', 'Pho Le', 'Tai Po', 'Vietanmese', 'Shop 518-520, 1/F, Zone C, Tai Po Mega Mall, 3 On Pong Road, Tai Po', 23368030),
	('R0000027', 'Pho Le', 'Kwun Tong', 'Vietanmese', 'Shop 19, 4/F, apm Millennium City 5, Kwun Tong Road, Kwun Tong', 23360130),
	('R0000028', 'MeokBang Koean BBQ', 'Tuen Mun', 'Korean ', 'Shop 12&15-17A, 1/F, Phase 2, Tuen Mun Town Plaza, 3 Tuen Lung Street, Tuen Mun', 24599629),
	('R0000029', 'Nene Chicken', 'Yau Tsim Mong', 'Korean', 'Shop 30, 11/F, Lang Ham Place, 8 Argyle Street, Mong Kok', 35832933),
	('R0000030', 'Nene Chicken', 'Tai Po', 'Korean', 'Shop 287-295, 2/F, Zone B, Tai Po Mega Mall, 9 On Pong Road, Tai Po', 39710939),
	('R0000031', 'Lee\'s chicken Hof and Soju', 'Kowloon City', 'Korean', 'Shop 5, G/F, Metro Center 1, 32 Lam Hing Street, Kowloon Bay, Hong Kong', 35963695),
	('R0000032', 'Goobne', 'Tsuen Wan', 'Korean', 'Shop G29, G/F, Citywalk 1, 1 Yeung Uk Road, Tsuen Wan', 21571131),
	('R0000033', 'Goobne', 'Yau Tsim Mong', 'Korean', '15/F, King Wah Centre, 628 Nathan Road, Mong Kok', 21160002),
	('R0000034', 'Hazukido', 'Sha Tin', 'Cakes and Bakery', 'A310, 3/F, New Town Plaza Phase 3, Shatin,, Hong Kong', 27030388),
	('R0000035', 'Hazukido', 'Tuen Mun', 'Cakes and Bakery', 'Kiosk 15, 1/F, Tuen Mun Town Plaza, 1 Tuen Shun Street, Tuen Mun,Na, Hong Kong', 26060075),
	('R0000036', 'Twinkle Baker Décor', 'Wan Chai', 'Cakes and Bakery', 'Shop G02, 8 Hysan Avenue, Causeway Bay,, Hong Kong', 21119676),
	('R0000037', 'Twinkle Baker Décor', 'Central and Western', 'Cakes and Bakery', 'Arcade Space 02 Arcade Space 02, 1/F, Infinitus Plaza, 199 Des Voeux Road Central, Sheung Wan,, Hong Kong', 28656188),
	('R0000038', 'LUCULLUS', 'Yau Tsim Mong', 'Cakes and Bakery', 'Shop 4B, LG/F, iSQUARE, 63 Nathan Rd, Tsim Sha Tsui', 27583878),
	('R0000039', 'Tai Cheong Bakery', 'Central and Western', 'Cakes and Bakery', 'G/F, 35 Lyndhurst Terrace, Central, Hong Kong', 83008301),
	('R0000040', 'Paper Stone Bakery Cafe', 'Yuen Long', 'Cakes and Bakery', 'Shop 1022, 1/F, YOHO MALL I, 9 Yuen Lung Street, Yuen Long, Hong Kong', 22531330),
	('R0000041', 'Kung Fu Tea', 'Eastern', 'Drinks', 'Shop 4, G/F, Oi Tung Shopping Centre, 18 Oi Yin St, Shau Kei Wan', 53416165),
	('R0000042', 'Kung Fu Tea', 'Sham Shui Po', 'Drinks', 'A4, G/F, 262 Cheung Sha Wan Road, Sham Shui Po', 52960790),
	('R0000043', 'TP Tea', 'Yau Tsim Mong', 'Drinks', 'Shop 6, G/F, Foo Tat Building, 50 Soy Street, Mong Kok', 25766671),
	('R0000044', 'Kingyo', 'Yau Tsim Mong', 'Drinks', 'Shop A2-D, G/F, Hong Kong Industrial Centre Block A, 489 Castle Peak Road, Lai Chi Kok', 23521162),
	('R0000045', 'E-Tea', 'Tsuen Wan', 'Drinks', 'Shop C, Ground Floor, Tak Yan House Stage 11, 69 Yuen Tun Circuit, Tsuen Wan, X Hong Kong', 63712589),
	('R0000046', 'COMEBUYTEA', 'Tuen Mun', 'Drinks', 'Shop 3202-3203, 3/F, Phase 1, Tuen Mun Town Plaza, 1 Tuen Shun Street, Tuen Mun', 24880282),
	('R0000047', 'Thai Cool', 'Kwun Tong', 'Thai', '1/F, Sun Wing Building, 48 Hung To Road, Kwun Tong, Hong Kong', 28151182),
	('R0000048', 'Cha Thai', 'Kwun Tong', 'Thai', 'Shop 209, 2/F, Kai Tin Shopping Centre, 50 Kai Tin Road, Lam Tin, X Hong Kong', 31686035),
	('R0000049', 'Soup Plus', 'Yau Tsim Mong', 'Rice in Soup', 'Shop 102, 1/F Jubilant plaza, 33 ma tau Kok road, Hong Kong', 28026108),
	('R0000050', 'Hung Fook Tong', 'Kowloon City', 'Soup', 'Shop No. G141, Ground Floor, Phase I, Amoy Plaza, 77 Ngau Tau Kok Road, Kowloon,, Hong Kong', 25561055),
	('R0000051', 'Soup Plus', 'South', 'Soup', 'G/F, 22 Wu Pak Street, Aberdeen, Hong Kong', 23100610),
	('R0000052', 'Mr. Fresh Soup', 'Wan Chai', 'Soup', 'G/F, 199 Johnston Road, Wan Chai, X Hong Kong', 27628883);
/*!40000 ALTER TABLE `restauramtinfo` ENABLE KEYS */;

/*!40101 SET SQL_MODE=IFNULL(@OLD_SQL_MODE, '') */;
/*!40014 SET FOREIGN_KEY_CHECKS=IFNULL(@OLD_FOREIGN_KEY_CHECKS, 1) */;
/*!40101 SET CHARACTER_SET_CLIENT=@OLD_CHARACTER_SET_CLIENT */;
/*!40111 SET SQL_NOTES=IFNULL(@OLD_SQL_NOTES, 1) */;
